,link,rating,address,phone_number,website_url,facebook,twitter,linkedin,instagramm,instagram
0,https://www.houzz.com/professionals/interior-designers-and-decorators/fernando-rodriguez-studio-pfvwus-pf~505549700,5.0,"73 De Diego Avenue Suite 200
San Juan, Puerto Rico 00911
United States",(201) 877-4521,www.frodriguezstudio.com,[],[],[],,[]
1,https://www.houzz.com/hznb/professionals/interior-designers-and-decorators/lulu-puras-interior-design-pfvwus-pf~378814964,5.0,"San Juan, Puerto Rico 00921
United States",(787) 505-4106,,[],[],[],,[]
2,https://www.houzz.com/professionals/interior-designers-and-decorators/seasons-of-puerto-rico-pfvwus-pf~688228415,5.0,"1308 Luchetti St suite 601
San Juan, Puerto Rico 00907
United States",(787) 632-1515,www.seasonspr.com,[],[],[],,[]
3,https://www.houzz.com/professionals/interior-designers-and-decorators/luz-gonzalez-pfvwus-pf~662791440,5.0,"PO Box 363742
San Juan, Puerto Rico 00936-3742
United States",(787) 510-1214,,[],[],[],,[]
4,https://www.houzz.com/professionals/interior-designers-and-decorators/lulu-puras-pfvwus-pf~818382367,,"B5 Cll Tabonuco Suite 114
Galería San Patricio
Guaynabo, Puerto Rico 00968
United States",(787) 946-5611,lulupuras.com,[],[],[],,[]
5,https://www.houzz.com/professionals/interior-designers-and-decorators/redondo-benetti-design-pfvwus-pf~1737739832,5.0,"404 Ave Constitucion
Cond. Atlantis apt 1506
San Juan, Puerto Rico 00901
United States",(787) 300-9626,redondobenettidesign.com,[],[],[],,[]
6,https://www.houzz.com/professionals/interior-designers-and-decorators/caro-bennazar-studio-pfvwus-pf~62625254,,"San Juan, Puerto Rico 00907
United States",(787) 342-2525,www.carobennazar.com,[],[],[],,[]
7,https://www.houzz.com/professionals/interior-designers-and-decorators/wanda-lozada-interior-designer-pfvwus-pf~58802122,5.0,"T-14 Quintas Reales Principe Carlos
Guaynabo, Puerto Rico 00969
United States",(787) 645-3484,,[],[],[],,[]
8,https://www.houzz.com/professionals/interior-designers-and-decorators/elsie-torres-interior-designs-inc-pfvwus-pf~629226037,5.0,"PO Box 70250 Suite 205
San Juan, Puerto Rico 00936
United States",(787) 754-4445,www.etinteriordesigns.com,[],[],[],,[]
9,https://www.houzz.com/professionals/interior-designers-and-decorators/sand-sea-and-air-interiors-pfvwus-pf~847794838,5.0,"P.O. Box 6098
San Juan, Puerto Rico 00914
United States",(787) 724-4231,www.sandseaair.com,[],[],[],,[]
10,https://www.houzz.com/professionals/interior-designers-and-decorators/mikosmos-interiors-pfvwus-pf~1476455799,5.0,"Ave. Los Filtros
Guaynabo 00966",(787) 408-5048,www.mikosmosinteriors.com,[],[],[],,[]
11,https://www.houzz.com/professionals/interior-designers-and-decorators/estudio-metropolitan-pfvwus-pf~254145516,5.0,"San Juan, Puerto Rico
United States",(787) 708-6009,estudio-metropolitan.com,[],[],[],,[]
12,https://www.houzz.com/hznb/professionals/interior-designers-and-decorators/leslie-borrero-pfvwau-pf~723191050,5.0,Toa Alta 00918,(787) 938-7158,www.leslieborrero.com,[],[],[],,[]
13,https://www.houzz.com/professionals/interior-designers-and-decorators/gretchen-daubon-interior-designs-pfvwus-pf~1862389252,,Guaynabo 00966,(787) 548-0288,gretchendaubon.houzz.com,[],[],[],,[]
14,https://www.houzz.com/professionals/interior-designers-and-decorators/arte-interior-inc-pfvwus-pf~1669408314,5.0,"PO Box 2430
Manati 00674",(787) 621-7695,arteinterior.yolasite.com,[],[],[],,[]
15,https://www.houzz.com/professionals/interior-designers-and-decorators/mar-designing-interiors-pfvwus-pf~1670072082,5.0,"c 5 D-18
Rincon Español
Trujillo Alto 00976",(787) 562-7155,www.mar-di.com,[],[],[],,[]
16,https://www.houzz.com/professionals/interior-designers-and-decorators/luis-santiago-pfvwus-pf~94978569,5.0,"Urb Valle Verde III Norte
calle Montana DD26
Bayamon 00961",,,[],[],[],,[]
17,https://www.houzz.com/professionals/interior-designers-and-decorators/nine-by-janelle-thon-pfvwus-pf~595771750,5.0,"San Juan, Puerto Rico
United States",(787) 510-7708,,[],[],[],,[]
18,https://www.houzz.com/professionals/interior-designers-and-decorators/haydee-masini-pfvwus-pf~503404336,5.0,"PMB # 34 1750 Loiza St.
San Juan 00911",(787) 403-4973,,[],[],[],,[]
19,https://www.houzz.com/professionals/interior-designers-and-decorators/canellas-design-pfvwus-pf~939581511,5.0,"Ave Sur 3506 The Resid #513
Carolina 00987",(787) 587-6222,www.canellasdesign.com,[],[],[],,[]
20,https://www.houzz.com/professionals/interior-designers-and-decorators/mfp-interior-designer-pfvwus-pf~278383375,5.0,"Guaynabo, Puerto Rico 00966
United States",(787) 536-3557,,[],[],[],,[]
21,https://www.houzz.com/professionals/interior-designers-and-decorators/beatriz-nieves-interior-design-pfvwus-pf~1736513908,5.0,"Ave. Nativo Alers Plaza Coppellia Suite 105
Aguada, Puerto Rico 00602
United States",(787) 868-8218,www.facebook.com/bnidha,[],[],[],,[]
22,https://www.houzz.com/professionals/interior-designers-and-decorators/3d-render-artist-pfvwus-pf~1354955955,,"BAYAMON, Puerto Rico 00959
United States",(787) 646-3708,,[],[],[],,[]
23,https://www.houzz.com/hznb/professionals/interior-designers-and-decorators/creative-design-interior-s-designer-and-more-pfvwes-pf~1103082483,,"Puerto Rico 00926
United States",(939) 475-9117,creative.site.com,[],[],[],,[]
24,https://www.houzz.com/professionals/interior-designers-and-decorators/mayra-colon-interior-designer-pfvwus-pf~1259426466,,Caguas 00725,(787) 914-0674,mayraacolon.houzz.com,[],[],[],,[]
25,https://www.houzz.com/professionals/interior-designers-and-decorators/lulupuras-pfvwus-pf~1954635937,,"Avenida Muñoz Rivera #15 Suite 108
San Juan, Puerto Rico 00901
United States",(787) 505-4106,www.lulupuras.com,[],[],[],,[]
26,https://www.houzz.com/professionals/interior-decorators/n-pierre-design-studio-pfvwus-pf~2050604798,,"San Juan, Puerto Rico
United States",(787) 341-4564,,[],[],[],,[]
27,https://www.houzz.com/professionals/interior-designers-and-decorators/np-design-studio-pfvwus-pf~939947347,,"San Juan, Puerto Rico 00921
United States",(787) 426-0797,www.naikaperezstudio.com,[],[],[],,[]
28,https://www.houzz.com/professionals/interior-designers-and-decorators/w-t-design-concierge-pfvwus-pf~1673759414,,"7000 Bahia Beach Blvd
Rio Grande, Puerto Rico 00745
United States",(415) 312-1649,wtdesignconcierge.com,[],[],[],,[]
29,https://www.houzz.com/professionals/interior-designers-and-decorators/coralys-design-pfvwus-pf~598180938,,"317 De Diego Avenue
Puerto Nuevo
San Juan, Puerto Rico 00920
United States",(787) 782-2927,www.coralysdecor.com,[],[],[],,[]
30,https://www.houzz.com/hznb/professionals/interior-designers-and-decorators/creating-spaces-pfvwes-pf~2084970097,,"Ave de la Constitucion
San Juan, Puerto Rico 00901
United States",(201) 921-6886,,[],[],[],,[]
31,https://www.houzz.com/professionals/interior-designers-and-decorators/johanna-cosme-interior-design-pfvwus-pf~129328084,,"Caguas, Puerto Rico
United States",(787) 210-2323,jcosmeinteriors.com,[],[],[],,[]
32,https://www.houzz.com/professionals/interior-designers-and-decorators/ingrid-velazquez-interior-design-pfvwus-pf~1451514764,,"calle 3-B-1 Urb. Santa Paula
Guaynabo 00970",,www.facebook.com/velamdesingsbyingrid/?ref=bookmarks,[],[],[],,[]
33,https://www.houzz.com/hznb/professionals/interior-designers-and-decorators/caribbean-custom-cellars-pfvwus-pf~406351419,,"Ponce, Puerto Rico
United States",(787) 306-2999,caribbeancustomcellars.com,[],[],[],,[]
34,https://www.houzz.com/professionals/interior-designers-and-decorators/gerardo-malave-interiors-pfvwus-pf~1890896227,,"165 Ave. Hostos, Suite A-731
San Juan, Puerto Rico
United States",(787) 313-6175,,[],[],[],,[]
35,https://www.houzz.com/professionals/interior-designers-and-decorators/turkesa-interiors-pfvwus-pf~1577277672,,"Ceciliana 650 #803
San Juan, Puerto Rico 00926
United States",(787) 292-9224,www.turkesavintage.com,[],[],[],,[]
36,https://www.houzz.com/professionals/interior-designers-and-decorators/interior-detailing-pfvwus-pf~1543757197,,"PO BOX 2361
Guaynabo,, Puerto Rico 00970-2371
United States",(787) 433-8309,,[],[],[],,[]
37,https://www.houzz.com/professionals/interior-designers-and-decorators/lindsley-design-pfvwus-pf~1132940230,,"Dorado Puerto Rico
Dorado, Puerto Rico 00646
United States",(787) 248-0456,www.lindsley.design,[],[],[],,[]
38,https://www.houzz.com/hznb/professionals/interior-designers-and-decorators/creative-design-interior-s-designer-and-more-pfvwes-pf~759287733,,"00926
United States",(939) 475-9117,creative-design-gifts-home-accesories.negocio.site,[],[],[],,[]
39,https://www.houzz.com/professionals/interior-designers-and-decorators/fusion-diseno-pfvwus-pf~377667580,,"Chalets de Sta. Barbara
Gurabo, Puerto Rico 00778
United States",(787) 469-3922,www.fusiondiseno.weebly.com,[],[],[],,[]
40,https://www.houzz.com/professionals/interior-designers-and-decorators/bridget-sweeney-design-pfvwus-pf~1889657019,,"Dorado, Puerto Rico 00646
United States",(585) 704-3013,,[],[],[],,[]
41,https://www.houzz.com/professionals/interior-designers-and-decorators/felipe-rosa-interior-design-pfvwus-pf~1203958108,,"BO.CARMELITA CALLE 7 BUZON 17
Vega Baja, Puerto Rico 00693-3708
United States",(939) 415-6244,www.feliperosa.com,[],[],[],,[]
42,https://www.houzz.com/professionals/interior-designers-and-decorators/leslie-borrero-pfvwus-pf~440409090,,"Po Box 193685
San Juan, Puerto Rico 00919
United States",(787) 938-7158,,[],[],[],,[]
43,https://www.houzz.com/hznb/professionals/interior-decorators/esl-advisors-llc-pfvwus-pf~1673583070,,"53 Calle Palmeras
San Juan, Puerto Rico 00901
United States",(917) 213-5737,,[],[],[],,[]
44,https://www.houzz.com/professionals/interior-designers-and-decorators/ambience-architectural-coatings-pfvwus-pf~1167801285,,"Calle 3 Las Violetas Ste2
Vega Alta, Puerto Rico 00692
United States",(787) 599-1125,www.ambience-pr.com,[],[],[],,[]
45,https://www.houzz.com/professionals/interior-designers-and-decorators/interiora-studio-pfvwus-pf~1421721069,,"Dorado, Puerto Rico 00646
United States",(787) 979-0132,www.interiorastudio.com,[],[],[],,[]
46,https://www.houzz.com/professionals/interior-designers-and-decorators/pili-and-co-pfvwus-pf~1099752759,,"Calle marginal, Costa de Oro
A6
Dorado 00646",(787) 247-2834,,[],[],[],,[]
47,https://www.houzz.com/professionals/interior-designers-and-decorators/dermis-home-pfvwus-pf~1956775789,,"Colinas de guamani D 8
Guayama 00757
United States",(787) 907-4455,,[],[],[],,[]
48,https://www.houzz.com/professionals/interior-designers-and-decorators/lydia-delgado-interior-designs-pfvwus-pf~1761842603,,"Rio Portuguez AS-5 Valle Verde
Bayamon 00961",(787) 378-1391,,[],[],[],,[]
49,https://www.houzz.com/hznb/professionals/interior-designers-and-decorators/artoke-design-pfvwus-pf~1992709696,,"Guaynabo, Puerto Rico 00965
United States",(787) 467-7471,,[],[],[],,[]
50,https://www.houzz.com/professionals/interior-designers-and-decorators/adr-administration-design-realty-pfvwus-pf~566428719,,"Montecielo
Guaynabo, Puerto Rico 00969
United States",(787) 360-0251,www.adrdiaz.com,[],[],[],,[]
51,https://www.houzz.com/professionals/interior-designers-and-decorators/we-can-do-it-pfvwus-pf~566557167,,"Vista de los Frailes Apt 4
Guaynabo, Puerto Rico 00969
United States",(787) 550-0797,,[],[],[],,[]
52,https://www.houzz.com/professionals/interior-designers-and-decorators/ea-interior-design-pfvwus-pf~222743793,,"P.O. Box 192873
San Juan, Puerto Rico 00919
United States",(787) 646-1336,,[],[],[],,[]
53,https://www.houzz.com/professionals/interior-designers-and-decorators/louis-bernard-interior-design-pfvwus-pf~380698280,,"San Juan, Puerto Rico
United States",(787) 249-5100,louisbernardpr.net,[],[],[],,[]
54,https://www.houzz.com/professionals/interior-designers-and-decorators/gag-interiors-pfvwus-pf~1294277593,,"San Juan, Puerto Rico
United States",(787) 460-1468,,[],[],[],,[]
55,https://www.houzz.com/professionals/interior-designers-and-decorators/ip-salon-pfvwus-pf~1136951646,,"2449 avenida militar
isabela, Puerto Rico 00662
United States",(939) 438-3835,,[],[],[],,[]
56,https://www.houzz.com/professionals/interior-designers-and-decorators/maria-emilia-martinez-pfvwus-pf~1452363764,,"Concordia 721, Suite 6A
San Juan, Puerto Rico 00907
United States",(787) 462-3473,mariaemiliapr@gmail.com,[],[],[],,[]
57,https://www.houzz.com/professionals/interior-designers-and-decorators/redesign-pfvwus-pf~1739449104,,"1314 Avenida Juan Ponce de León, Suite 301
San Juan, Puerto Rico 00907
United States",(787) 460-7940,www.redesignpr.com,[],[],[],,[]
58,https://www.houzz.com/hznb/professionals/interior-designers-and-decorators/ava-online-travel-agency-pfvwus-pf~1170535253,,"San Juan, Puerto Rico 00918
United States",(757) 223-0012,avatravel.group,[],[],[],,[]
59,https://www.houzz.com/professionals/interior-designers-and-decorators/ecm-interior-design-pfvwus-pf~1991107808,,"Villas del Señorial Ave.Wingston Churchill
San Juan 00926
United States",(787) 236-0545,,[],[],[],,[]
60,https://www.houzz.com/hznb/professionals/interior-designers-and-decorators/summit-interiors-pfvwus-pf~1296252521,,"URB Montehiedra
San Juan, Puerto Rico 00926
United States",(908) 247-7701,,[],[],[],,[]
61,https://www.houzz.com/professionals/interior-designers-and-decorators/mc2-pfvwus-pf~188747466,,"Ponce de León # 1816
San Juan, Puerto Rico 00909
United States",(787) 528-5175,,[],[],[],,[]
62,https://www.houzz.com/professionals/interior-designers-and-decorators/ddc-yanez-diaz-pfvwus-pf~597009302,,"82 Kings Court
2nd floor
San Juan, Puerto Rico 00911
United States",(787) 782-2040,www.ddcpr.com/,[],[],[],,[]
63,https://www.houzz.com/professionals/interior-designers-and-decorators/laura-delgado-design-pfvwus-pf~847380338,,"2305 Laurel St 816
San Jua, Puerto Rico 00913
United States",(787) 960-2070,www.lauradelgadodesign.com,[],[],[],,[]
64,https://www.houzz.com/professionals/interior-designers-and-decorators/fids-pfvwus-pf~1294415845,,"caguas, Puerto Rico
United States",(787) 406-0307,,[],[],[],,[]
65,https://www.houzz.com/professionals/interior-designers-and-decorators/davline-pfvwus-pf~885369833,,"Anasco, Puerto Rico 00610
United States",(787) 546-8142,,[],[],[],,[]
66,https://www.houzz.com/hznb/professionals/interior-designers-and-decorators/yanin-creations-pfvwus-pf~1514424582,,"PO Box 1151
Anasco, Puerto Rico 00610
United States",(240) 481-6123,,[],[],[],,[]
67,https://www.houzz.com/hznb/professionals/interior-designers-and-decorators/margot-blanc-design-pfvwus-pf~1229235075,,"CAROLINA, PR, Puerto Rico 00983
United States",(919) 744-7392,,[],[],[],,[]
68,https://www.houzz.com/professionals/interior-designers-and-decorators/graduated-student-pfvwus-pf~597408342,,Carolina 00983,(787) 236-3998,,[],[],[],,[]
69,https://www.houzz.com/professionals/interior-designers-and-decorators/puerto-espanol-inc-pfvwus-pf~917666660,,"AGUADA, Puerto Rico
United States",(787) 425-7941,,[],[],[],,[]
70,https://www.houzz.com/hznb/professionals/interior-decorators/nellines-pfvwes-pf~221454725,,"San Lorenzo, Puerto Rico
United States",(787) 614-4087,,[],[],[],,[]
71,https://www.houzz.com/hznb/professionals/interior-designers-and-decorators/ocean-zen-pfvwus-pf~1640485275,,"PO BOX 628
RINCON, Puerto Rico 00677
United States",(787) 297-8818,oceanzenpr.com,[],[],[],,[]
72,https://www.houzz.com/hznb/professionals/interior-designers-and-decorators/arr-remodeling-pfvwus-pf~2049884266,,Rincón 00677,(939) 264-2277,,[],[],[],,[]
73,https://www.houzz.com/professionals/interior-designers-and-decorators/donato-interior-pfvwus-pf~2046827998,,"calle Leopoldo Figueroa #27
LAS PIEDRAS, Puerto Rico 00771
United States",(787) 501-6847,,[],[],[],,[]
74,https://www.houzz.com/hznb/professionals/interior-designers-and-decorators/leehouse-pfvwes-pf~818123175,,"00956
United States",(787) 555-6363,,[],[],[],,[]
75,https://www.houzz.com/professionals/interior-designers-and-decorators/w-t-design-concierge-pfvwus-pf~1547671289,,"San Juan, Puerto Rico 00745
United States",(415) 312-1649,www.wtdesignconcierge.com,[],[],[],,[]
76,https://www.houzz.com/hznb/professionals/interior-designers-and-decorators/joey-calderon-pfvwus-pf~1100665983,,"po box 2126
Morovis 00687",(787) 607-8209,,[],[],[],,[]
77,https://www.houzz.com/professionals/interior-designers-and-decorators/montys-pfvwus-pf~218850181,,"Arecibo, Puerto Rico 00612
United States",(787) 368-1648,,[],[],[],,[]
78,https://www.houzz.com/professionals/interior-designers-and-decorators/redush-home-decor-pfvwus-pf~1763376543,,"Carolina, Puerto Rico 00983
United States",(787) 942-1010,,[],[],[],,[]
79,https://www.houzz.com/professionals/interior-designers-and-decorators/alex-pfvwus-pf~689023315,,"hc03 box 55144
arecibo 00612",(787) 407-5250,,[],[],[],,[]
80,https://www.houzz.com/professionals/interior-designers-and-decorators/daisy-j-perez-pfvwus-pf~1637591411,,"Tanama
Rodríguez olmo
Arecibo 00612",(787) 536-9061,,[],[],[],,[]
81,https://www.houzz.com/professionals/interior-designers-and-decorators/carline-melendez-pfvwus-pf~278228735,,"PO box2439
arecibo 00613",(787) 878-3689,,[],[],[],,[]
82,https://www.houzz.com/hznb/professionals/interior-designers-and-decorators/hey-d-sign-pfvwus-pf~1510915886,,"HC 83 Bzn 7474
Vega Alta 00692",(787) 368-4900,,[],[],[],,[]
83,https://www.houzz.com/professionals/interior-designers-and-decorators/assenav75-pfvwus-pf~1954989417,,"La Inmaculada
Vega Alta 00692",(787) 362-6245,,[],[],[],,[]
84,https://www.houzz.com/professionals/interior-designers-and-decorators/there-s-no-place-like-home-pfvwus-pf~1888558763,,"ask
Toa Baja 00949",(787) 515-9815,,[],[],[],,[]
85,https://www.houzz.com/professionals/interior-designers-and-decorators/hild-pfvwus-pf~185763486,,"urb la providencia 3c-17 calle 25
toa alta 00953",(787) 420-0093,,[],[],[],,[]
86,https://www.houzz.com/hznb/professionals/interior-designers-and-decorators/ingeniero-civil-pfvwus-pf~379631260,,"Toa ville
Toa baja 00949",(787) 594-4939,,[],[],[],,[]
87,https://www.houzz.com/professionals/interior-designers-and-decorators/dreams-enterprises-inc-pfvwus-pf~756530933,,"po box 51378 Levittown
Toa Baja 00950",(787) 368-7311,,[],[],[],,[]
88,https://www.houzz.com/professionals/interior-designers-and-decorators/smallcontractors-pfvwus-pf~1761971855,,"hc#box 8710
dorado, Puerto Rico 00646
United States",(787) 396-1103,,[],[],[],,[]
89,https://www.houzz.com/professionals/interior-designers-and-decorators/guelma-pfvwus-pf~404115943,,"13
Juana Diaz 00795",787,,[],[],[],,[]
90,https://www.houzz.com/professionals/interior-designers-and-decorators/nelson-candelario-pfvwus-pf~93897805,,"bayamon, Puerto Rico 00959
United States",(787) 692-7803,,[],[],[],,[]
91,https://www.houzz.com/professionals/interior-designers-and-decorators/guelma-pfvwus-pf~404115943,,"13
Juana Diaz 00795",787,,[],[],[],,[]
92,https://www.houzz.com/professionals/interior-decorators/mario-miranda-patrono-pfvwus-pf~1479442875,,"Calle Rosa 4F19 Lomas Verdes
Bayamon 00956",(809) 330-9642,,[],[],[],,[]
93,https://www.houzz.com/hznb/professionals/interior-designers-and-decorators/elevento-pfvwus-pf~941634127,,"Vista bella
Bayamon 00956",787,,[],[],[],,[]
94,https://www.houzz.com/professionals/interior-designers-and-decorators/marilyneosado-pfvwus-pf~1385215690,,"POBox 834
San Sebastian 00685",(787) 216-9732,mrosado834@gmail.com,[],[],[],,[]
95,https://www.houzz.com/professionals/interior-designers-and-decorators/aydil-pfvwus-pf~219057717,,"sabanera flamboyanes 372
Cidra 00739",(787) 692-1459,,[],[],[],,[]
96,https://www.houzz.com/professionals/interior-designers-and-decorators/fine-interior-designs-pfvwus-pf~1326476096,,"9-4 Malaga St.
Urb. Torrimar
Guaynabo, Puerto Rico 00966
United States",(787) 396-7730,,[],[],[],,[]
97,https://www.houzz.com/hznb/professionals/interior-decorators/keybaez-pfvwus-pf~1043415032,,"Bayamon, Puerto Rico 00957
United States",(787) 231-9916,,[],[],[],,[]
98,https://www.houzz.com/hznb/professionals/interior-designers-and-decorators/personal-computer-pfvwus-pf~976111978,,Ponce 00716,942-9871,,[],[],[],,[]
99,https://www.houzz.com/professionals/interior-designers-and-decorators/paulette-pfvwus-pf~311312126,,"calle3
ponce 00698",(787) 366-7158,5thavenue.com,[],[],[],,[]
100,https://www.houzz.com/hznb/professionals/interior-designers-and-decorators/prsl-pfvwes-pf~2116682080,,Ponce 00736,(787) 844-2563,,[],[],[],,[]
101,https://www.houzz.com/professionals/interior-designers-and-decorators/a-todo-color-pfvwus-pf~1101340523,,"Guavate buzon22909
Cayey 7873253802",(787) 325-3802,misselvira25@hotmaik.com,[],[],[],,[]
102,https://www.houzz.com/professionals/interior-designers-and-decorators/viga-designs-pfvwus-pf~1544801777,,"San Juan
Puerto Rico
San Juan, Puerto Rico 00907
United States",(787) 922-9766,,[],[],[],,[]
103,https://www.houzz.com/professionals/interior-designers-and-decorators/jenniffer-nieves-pfvwus-pf~1889337287,,"calle 25 v7
Royal Town
Bayamon 00959
United States",(787) 420-3308,,[],[],[],,[]
104,https://www.houzz.com/hznb/professionals/interior-designers-and-decorators/jimmy-humphrey-pfvwus-pf~1327466144,,"Jobos 3 para 15
Bayamon 00956",(787) 462-4026,,[],[],[],,[]
105,https://www.houzz.com/professionals/interior-designers-and-decorators/jannette-cuevas-pfvwus-pf~1543669485,,"Torremolinos
Guaynabo, Puerto Rico 00969
United States",(787) 501-8305,,[],[],[],,[]
106,https://www.houzz.com/professionals/interior-designers-and-decorators/kontraste-events-and-interior-design-pfvwus-pf~310464194,,"Guaynabo
Guaynabo 00971",(787) 375-0422,@kontrastepr,[],[],[],,[]
107,https://www.houzz.com/professionals/interior-designers-and-decorators/mi-casa-tu-muebleria-pfvwus-pf~1796657826,,"alturas de torrimar calle 10 #5-44
Guaynabo 00969-3211",(787) 604-6584,,[],[],[],,[]
108,https://www.houzz.com/professionals/interior-designers-and-decorators/dialinor-alvarado-pfvwus-pf~690850511,,"po box 1977
guaynabo 00970",(787) 476-5678,,[],[],[],,[]
109,https://www.houzz.com/professionals/interior-designers-and-decorators/depaz-consulting-pfvwus-pf~311334302,,Guaynabo 00969,(787) 233-7998,,[],[],[],,[]
110,https://www.houzz.com/professionals/interior-designers-and-decorators/marimal-interior-design-pfvwus-pf~312717890,,"Adjuntas, Puerto Rico
United States",(787) 814-1186,,[],[],[],,[]
111,https://www.houzz.com/professionals/interior-designers-and-decorators/amc-investments-pfvwus-pf~344942517,,"cruz 100
san juan 00901
United States",(787) 397-9061,,[],[],[],,[]
112,https://www.houzz.com/professionals/interior-designers-and-decorators/infoccointeriors-pfvwus-pf~974093434,,"10 aquamarina Villa blanca
Caguas 00725",(787) 653-6531,,[],[],[],,[]
113,https://www.houzz.com/hznb/professionals/interior-designers-and-decorators/iveliita-pfvwus-pf~1888270439,,"caguas puerto rico
caguas 00725",(939) 218-1575,,[],[],[],,[]
114,https://www.houzz.com/professionals/interior-designers-and-decorators/mario-beltran-pfvwus-pf~503395828,,"P.O. Box 370051
Cayey 00737",(787) 342-4882,,[],[],[],,[]
115,https://www.houzz.com/professionals/interior-designers-and-decorators/kineishal-pfvwus-pf~1133588966,,"sector javillos 917
isabela 00662
United States",(787) 908-4036,,[],[],[],,[]
116,https://www.houzz.com/hznb/professionals/interior-designers-and-decorators/prsl-pfvwes-pf~2116682080,,Ponce 00736,,,[],[],[],,[]
117,https://www.houzz.com/hznb/professionals/interior-designers-and-decorators/ls-tire-pfvwus-pf~1638034743,,Salinas 00751,(787) 586-3334,,[],[],[],,[]
118,https://www.houzz.com/hznb/professionals/interior-designers-and-decorators/angeles-diaz-lopez-pfvwus-pf~1453888760,,"hc 01 box5301
Salinas 00751",(787) 391-5294,,[],[],[],,[]
119,https://www.houzz.com/professionals/interior-decorators/jocelyn-dejesus89-pfvwus-pf~1136047046,,"Florida, Delaware 00721
United States",(787) 239-4528,,[],[],[],,[]
120,https://www.houzz.com/hznb/professionals/interior-designers-and-decorators/sarai-fernandez-pfvwus-pf~756975093,,"bonanza 61 Villa esperanza
caguas 00727",(787) 747-6824,,[],[],[],,[]
121,https://www.houzz.com/professionals/interior-designers-and-decorators/ismaelrodriguezmoyetgmail-pfvwus-pf~60672694,,"Urb. Villa Esperanza Calle Nobleza #6
Caguas 00725",(787) 605-6575,,[],[],[],,[]
122,https://www.houzz.com/professionals/interior-designers-and-decorators/noel-ortiz-pfvwus-pf~1830200849,,"61 Acosta st
Caguas zpoert",(787) 307-6545,,[],[],[],,[]
123,https://www.houzz.com/professionals/interior-designers-and-decorators/infoccointeriors-pfvwus-pf~974093434,,"10 aquamarina Villa blanca
Caguas 00725",(787) 653-6531,,[],[],[],,[]
124,https://www.houzz.com/hznb/professionals/interior-designers-and-decorators/iveliita-pfvwus-pf~1888270439,,"caguas puerto rico
caguas 00725",(939) 218-1575,,[],[],[],,[]
125,https://www.houzz.com/hznb/professionals/interior-designers-and-decorators/taysha-joan-pfvwus-pf~154216303,,"calle 1 edf D-1 apt 3 bella vista, Bayamon, PR
Bayamon 00957",(787) 475-7927,,[],[],[],,[]
126,https://www.houzz.com/hznb/professionals/interior-designers-and-decorators/d-la-torre-pfvwus-pf~2017869363,,"00650
United States",(787) 460-7836,,[],[],[],,[]
127,https://www.houzz.com/professionals/interior-designers-and-decorators/na-interior-design-pfvwus-pf~1512454026,,"Hc -01 box 9195
Guayanilla 00656",(939) 273-9417,,[],[],[],,[]
128,https://www.houzz.com/professionals/interior-designers-and-decorators/itas-nails-pfvwus-pf~1511305918,,"Hipólito Castro #5
San Sebastián 00685",(787) 617-0488,,[],[],[],,[]
129,https://www.houzz.com/professionals/interior-designers-and-decorators/marielsa-pfvwus-pf~790362972,5.0,,,,[],[],[],,[]
130,https://www.houzz.com/hznb/professionals/interior-designers-and-decorators/carla-falu-pfvwes-pf~975164798,,,,,[],[],[],,[]
131,https://www.houzz.com/professionals/interior-designers-and-decorators/nemrac-arevir-pfvwus-pf~597510374,,"lobos 3315
guayama 00785",(787) 557-7538,,[],[],[],,[]
132,https://www.houzz.com/hznb/professionals/interior-designers-and-decorators/montenegro-s-creative-inc-pfvwus-pf~1325787112,,"ROAD 305 KM 2.5, / HC -01 BOX 10123
LAJAS 00667",78789978565026332,,[],[],[],,[]
133,https://www.houzz.com/professionals/interior-designers-and-decorators/salon-salon-inc-pfvwus-pf~722214902,,"Urb Villa Fontana Via 13-A 2xx8
Carolina 00983",(939) 338-9264,,[],[],[],,[]
134,https://www.houzz.com/hznb/professionals/interior-designers-and-decorators/bella-decora-pfvwus-pf~1202510600,,"Cond.Pontezuela edf.6-B apt.2-G Carolina P.R 00983
Carolina 00983",(787) 408-2599,,[],[],[],,[]
135,https://www.houzz.com/professionals/interior-designers-and-decorators/lolyne-pfvwus-pf~504300508,,"Po BOX 7655
caguas 00726",(787) 731-5656,,[],[],[],,[]
136,https://www.houzz.com/hznb/professionals/interior-designers-and-decorators/sarai-fernandez-pfvwus-pf~756975093,,"bonanza 61 Villa esperanza
caguas 00727",(787) 747-6824,,[],[],[],,[]
137,https://www.houzz.com/professionals/interior-designers-and-decorators/ismaelrodriguezmoyetgmail-pfvwus-pf~60672694,,"Urb. Villa Esperanza Calle Nobleza #6
Caguas 00725",(787) 605-6575,,[],[],[],,[]
138,https://www.houzz.com/professionals/interior-designers-and-decorators/noel-ortiz-pfvwus-pf~1830200849,,"61 Acosta st
Caguas zpoert",(787) 307-6545,,[],[],[],,[]
139,https://www.houzz.com/hznb/professionals/interior-designers-and-decorators/d-la-torre-pfvwus-pf~2017869363,,"00650
United States",(787) 460-7836,,[],[],[],,[]
140,https://www.houzz.com/professionals/interior-designers-and-decorators/albert-s-pfvwus-pf~1670498838,,"HC 05 BOX 50581
Mayaguez 00680
United States",(787) 466-3350,,[],[],[],,[]
141,https://www.houzz.com/professionals/interior-designers-and-decorators/andrea-maffioli-pfvwus-pf~1452528356,,"HC 03 BOX 4061
Gurabo 00778",(787) 240-4127,,[],[],[],,[]
142,https://www.houzz.com/professionals/interior-designers-and-decorators/gabinetes-pena-pfvwus-pf~1041602440,,"Rio piedras villa prades
Carolina 00924",(787) 810-6828,,[],[],[],,[]
143,https://www.houzz.com/professionals/interior-designers-and-decorators/lizzie-fashion-pfvwus-pf~61074526,,"Miradero
Mayaguez 00682",(787) 313-1207,00682,[],[],[],,[]
144,https://www.houzz.com/hznb/professionals/interior-designers-and-decorators/carla-falu-pfvwes-pf~975164798,,"11 maga tree 163
gurabo 00778",(787) 934-3961,,[],[],[],,[]
145,https://www.houzz.com/professionals/interior-designers-and-decorators/nemrac-arevir-pfvwus-pf~597510374,,"lobos 3315
guayama 00785",(787) 557-7538,,[],[],[],,[]
146,https://www.houzz.com/hznb/professionals/interior-designers-and-decorators/bella-decora-pfvwus-pf~1202510600,,"Cond.Pontezuela edf.6-B apt.2-G Carolina P.R 00983
Carolina 00983",(787) 408-2599,,[],[],[],,[]
147,https://www.houzz.com/professionals/interior-designers-and-decorators/salon-salon-inc-pfvwus-pf~722214902,,"Urb Villa Fontana Via 13-A 2xx8
Carolina 00983",(939) 338-9264,,[],[],[],,[]
148,https://www.houzz.com/professionals/interior-designers-and-decorators/marielsa-pfvwus-pf~790362972,,"Monte Alto
Gurabo 00778",(787) 382-1886,,[],[],[],,[]
149,https://www.houzz.com/hznb/professionals/interior-designers-and-decorators/montenegro-s-creative-inc-pfvwus-pf~1325787112,,"ROAD 305 KM 2.5, / HC -01 BOX 10123
LAJAS 00667",78789978565026332,,[],[],[],,[]
150,https://www.houzz.com/professionals/interior-designers-and-decorators/chicago-closetspr-pfvwus-pf~1041203388,,"acuarela street 2
Guaynabo 00729
United States",(787) 409-8768,chicagoclosetspr.com,[],[],[],,[]
151,https://www.houzz.com/professionals/interior-designers-and-decorators/marielsa-pfvwus-pf~790362972,,"Monte Alto
Gurabo 00778",(787) 382-1886,,[],[],[],,[]
152,https://www.houzz.com/hznb/professionals/interior-designers-and-decorators/montenegro-s-creative-inc-pfvwus-pf~1325787112,,"ROAD 305 KM 2.5, / HC -01 BOX 10123
LAJAS 00667",78789978565026332,,[],[],[],,[]
153,https://www.houzz.com/professionals/interior-designers-and-decorators/decofiore-pfvwus-pf~1889469715,,"Hc 50 box 21291
San Lorenzo 00754",(787) 633-1337,,[],[],[],,[]
154,https://www.houzz.com/professionals/interior-designers-and-decorators/alejandro-adorno-pfvwus-pf~1101630515,,"urn Roosevelt Calle 13 165
San Lorenzo 00754",(787) 325-2542,,[],[],[],,[]
155,https://www.houzz.com/professionals/interior-designers-and-decorators/beatriz-nieves-pfvwus-pf~436862046,,"Ave Nativo Alers
Plaza Coppellia Suite 105
Aguada 00602",(787) 868-8218,,[],[],[],,[]
156,https://www.houzz.com/professionals/interior-designers-and-decorators/prestige-pfvwus-pf~438667130,,"Rincon 00677
United States",(787) 402-9614,,[],[],[],,[]
157,https://www.houzz.com/hznb/professionals/interior-designers-and-decorators/erika-s-pfvwus-pf~1227085835,,"Río Grande
Río Grande 00745",(787) 888-4050,,[],[],[],,[]
158,https://www.houzz.com/hznb/professionals/interior-designers-and-decorators/indoors-and-beyond-pfvwus-pf~1833345809,,"Urb Jardines de Arroyo calle W U5
Arroyo, Puerto Rico 00714
United States",(787) 639-9175,,[],[],[],,[]
159,https://www.houzz.com/professionals/interior-designers-and-decorators/marimonse-pfvwus-pf~1830006973,,"Hc#5box5135
Yabucoa 00767",(787) 953-7877,,[],[],[],,[]
160,https://www.houzz.com/professionals/interior-designers-and-decorators/igman-inc-pfvwus-pf~1924446134,,"126 Ruby Street
Golden Gate
Guaynabo, Puerto Rico
United States",(787) 765-3574,,[],[],[],,[]
161,https://www.houzz.com/professionals/interior-designers-and-decorators/scala-interiors-pfvwus-pf~276943795,,"100 Del Muelle Street, Suite 103
San Juan, Puerto Rico 00901
United States",(787) 444-1525,,[],[],[],,[]
162,https://www.houzz.com/professionals/interior-designers-and-decorators/gac-pfvwus-pf~96912265,,"San Juan, Puerto Rico 00927
United States",(787) 552-1968,,[],[],[],,[]
163,https://www.houzz.com/hznb/professionals/interior-designers-and-decorators/dc-of-pirette-inc-pfvwus-pf~1513442790,,"ONeill 211
San Juan, Puerto Rico
United States",(787) 751-0420,,[],[],[],,[]
164,https://www.houzz.com/hznb/professionals/interior-designers-and-decorators/image-custom-works-pfvwus-pf~278974035,,"San Juan, Puerto Rico
United States",(787) 429-4252,,[],[],[],,[]
165,https://www.houzz.com/hznb/professionals/interior-designers-and-decorators/alexandra-interior-design-pfvwus-pf~63327938,,"La Cima calle cibeles 603
Caguas, Puerto Rico 00725
United States",(787) 503-5534,alexandramelendez.amd@gmail.com,[],[],[],,[]
166,https://www.houzz.com/professionals/interior-designers-and-decorators/gac-pfvwus-pf~96912265,,"San Juan, Puerto Rico 00927
United States",(787) 552-1968,,[],[],[],,[]
167,https://www.houzz.com/professionals/interior-designers-and-decorators/student-pfvwus-pf~1705837989,,"caguas, Puerto Rico
United States",(787) 322-6515,,[],[],[],,[]
168,https://www.houzz.com/professionals/interior-designers-and-decorators/almestica-designs-pfvwus-pf~312907190,,"po box 1249 pueblo station
Carolina 00986",(787) 624-8436,,[],[],[],,[]
169,https://www.houzz.com/professionals/interior-designers-and-decorators/advertising-pfvwus-pf~851706262,,"Calle Almendro 638 urbanizacion los colobos park
carolina, Puerto Rico 00987
United States",(939) 219-1859,,[],[],[],,[]
170,https://www.houzz.com/professionals/interior-decorators/marys-shop-pfvwus-pf~1513507374,,"Parcelas Tiburón 143
Calle 32
Barceloneta 00617",(787) 636-2016,,[],[],[],,[]
171,https://www.houzz.com/professionals/interior-decorators/real-estate-pfvwus-pf~1351093595,,"Ponce 00730
United States",(787) 960-5039,,[],[],[],,[]
172,https://www.houzz.com/professionals/interior-designers-and-decorators/william-pfvwus-pf~1829757265,,"jayuya barrio santa clara
Jayuya 00664",(787) 828-2713,,[],[],[],,[]
173,https://www.houzz.com/hznb/professionals/interior-designers-and-decorators/sm-interior-spaces-pfvwus-pf~188897486,,"Calle 5 E 8 Mansiones Garden Hills
Guaynabo, Puerto Rico 00966
United States",(787) 635-3505,smspaces.com,[],[],[],,[]
174,https://www.houzz.com/professionals/interior-designers-and-decorators/magali-bermudez-design-pfvwus-pf~1923117986,,"San Juan, Puerto Rico
United States",(787) 405-2844,,[],[],[],,[]
175,https://www.houzz.com/hznb/professionals/interior-decorators/alfonso-pfvwus-pf~1202935280,,"San Juan, Puerto Rico
United States",(787) 343-2020,,[],[],[],,[]
176,https://www.houzz.com/professionals/interior-designers-and-decorators/el-perro-pfvwus-pf~847398354,,"urb. university Garden
arecibo 00612",(787) 553-5640,,[],[],[],,[]
177,https://www.houzz.com/professionals/interior-designers-and-decorators/aurora-s-design-pfvwus-pf~219812673,,"calle canaria D2
Arecibo disowns",(787) 817-1132,,[],[],[],,[]
178,https://www.houzz.com/professionals/interior-designers-and-decorators/grafikarte-pfvwus-pf~1042449192,,"Ave. Miramar #538
Arecibo 00659",(787) 444-3395,expertmarketingpr.com,[],[],[],,[]
179,https://www.houzz.com/professionals/interior-designers-and-decorators/arianne-pfvwus-pf~1704052569,,"HC1box 6760
Orocovis 00720",(787) 941-0063,,[],[],[],,[]
180,https://www.houzz.com/professionals/interior-designers-and-decorators/alexa-s-interior-and-design-pfvwus-pf~1200296264,,"URB Montecasino Heights
Toa Alta, Puerto Rico 00953
United States",(787) 242-6540,,[],[],[],,[]
181,https://www.houzz.com/hznb/professionals/interior-designers-and-decorators/na-pfvwus-pf~1480852143,,"00953
United States",(787) 906-8219,,[],[],[],,[]
182,https://www.houzz.com/professionals/interior-decorators/decoradora-de-interiores-pfvwus-pf~1890614391,,Lares 00690,(787) 306-1635,,[],[],[],,[]
183,https://www.houzz.com/professionals/interior-designers-and-decorators/mr-designs-pfvwus-pf~562655079,,"Zirconia 151 Prados de Dorado
Dorado, Puerto Rico 00646
United States",(787) 413-3899,,[],[],[],,[]
184,https://www.houzz.com/hznb/professionals/interior-designers-and-decorators/principe-decor-pfvwus-pf~255916360,,"00646
United States",(787) 306-8898,,[],[],[],,[]
185,https://www.houzz.com/professionals/interior-designers-and-decorators/william-pfvwus-pf~379860204,,"Carretera 374
Lares 00631",(787) 243-5045,cruzwilo.78@gmail.com,[],[],[],,[]
186,https://www.houzz.com/professionals/interior-designers-and-decorators/nataliacochran-pfvwus-pf~126810648,,ponce 00732,384-7239,,[],[],[],,[]
187,https://www.houzz.com/hznb/professionals/interior-designers-and-decorators/disenadores-de-sonrisas-pfvwus-pf~2048976766,,"Constancia 1807 Paseo Las Colonias
Ponce 00716",(787) 344-0244,disenadoresdesonrisas.com,[],[],[],,[]
188,https://www.houzz.com/professionals/interior-designers-and-decorators/urayoan-pfvwus-pf~1763423063,,"ponce
ponce 00730",(787) 345-3458,,[],[],[],,[]
189,https://www.houzz.com/professionals/interior-designers-and-decorators/pneg26-pfvwus-pf~598304642,,"hc
Ponce 00766",(787) 433-5043,,[],[],[],,[]
190,https://www.houzz.com/hznb/professionals/interior-designers-and-decorators/mtorres-pfvwus-pf~975067074,,"723 Street Lomas de Aibonito
Aibonito 00705",(787) 718-6603,,[],[],[],,[]
191,https://www.houzz.com/professionals/interior-designers-and-decorators/antivu-pfvwus-pf~1795959122,,"68 Lamela St
Quebradillas 00678",(787) 209-9983,,[],[],[],,[]
192,https://www.houzz.com/hznb/professionals/interior-designers-and-decorators/detalles-g-pfvwus-pf~563060795,,"RR 4. box 3083
Bayamón 00956",(787) 241-7795,,[],[],[],,[]
193,https://www.houzz.com/hznb/professionals/interior-designers-and-decorators/di-giorgi-design-pfvwus-pf~723090866,,"windsurf T-34villa contesta
Bayamón 00956",(787) 328-6469,,[],[],[],,[]
194,https://www.houzz.com/professionals/interior-designers-and-decorators/artistico-pfvwus-pf~1101314259,,Bayamon 00960,(787) 955-3669,,[],[],[],,[]
195,https://www.houzz.com/hznb/professionals/interior-designers-and-decorators/jose-feliciano-pfvwus-pf~1201464588,,"POBOX 2028
Quebradillas 00678",(787) 590-6510,joseanibalfeliciano2671@gmail.con,[],[],[],,[]
196,https://www.houzz.com/professionals/interior-designers-and-decorators/artistico-pfvwus-pf~1101314259,,Bayamon 00960,(787) 955-3669,,[],[],[],,[]
197,https://www.houzz.com/hznb/professionals/interior-designers-and-decorators/ematuxedo-pfvwus-pf~664327512,,"Reparto sobrino
bayamon 00692",(787) 788-3070,,[],[],[],,[]
198,https://www.houzz.com/professionals/interior-designers-and-decorators/jr-creativo-pfvwus-pf~1226658395,,"3531 colinas del sol II
bayamon 00956",(787) 530-1178,,[],[],[],,[]
199,https://www.houzz.com/hznb/professionals/interior-designers-and-decorators/mais-pfvwus-pf~1635875751,,"amman-jordan
amman 00962
United States",23232514,,[],[],[],,[]
200,https://www.houzz.com/professionals/interior-designers-and-decorators/applied-science-university-pfvwus-pf~2081316237,,"Amman 00962
United States",+962 7 9545 1644,www.asu.edu.jo/index.aspx,[],[],[],,[]
201,https://www.houzz.com/professionals/interior-designers-and-decorators/vision-pfvwus-pf~126006180,,"al-sayer st.
amman 00962
United States",675-2105,,[],[],[],,[]
202,https://www.houzz.com/professionals/interior-designers-and-decorators/myinteriors-pfvwus-pf~940455275,,"w3 Anamu Street
Guaynabo 00969
United States",(787) 638-9738,,[],[],[],,[]
203,https://www.houzz.com/professionals/interior-designers-and-decorators/wilfredoadriel-pfvwus-pf~472165521,,"San Sebastian P.R.
Po.Box. 3007
San Sebastian 00685",(787) 363-4829,,[],[],[],,[]
204,https://www.houzz.com/professionals/interior-designers-and-decorators/imad-pfvwus-pf~2081503973,,"dubai 00971
United States",+971 55 638 6929,,[],[],[],,[]
205,https://www.houzz.com/professionals/interior-designers-and-decorators/yecaniva-pfvwus-pf~1102032583,,"Hc 01 box 5095
Santa Isabel 00757",(787) 358-9595,,[],[],[],,[]
206,https://www.houzz.com/professionals/interior-designers-and-decorators/aya-torres-pfvwus-pf~1007787313,,"Plaza Esmeralda 205
guaynabo 00969",(787) 668-7205,,[],[],[],,[]
207,https://www.houzz.com/professionals/interior-designers-and-decorators/sofialiro-pfvwus-pf~1420194553,,"S-2 Palos Grandes
Guaynabo 00966",(787) 431-4797,,[],[],[],,[]
208,https://www.houzz.com/professionals/interior-designers-and-decorators/spacedesign-pfvwus-pf~629447421,,CIDRA,,www.sophieaurelie.com,[],[],[],,[]
209,https://www.houzz.com/professionals/interior-designers-and-decorators/cl-interior-design-pfvwus-pf~1384211838,,"Via Escorial 329 Villas Reales
Guaynabo, Puerto Rico 00969
United States",(787) 249-4191,,[],[],[],,[]
210,https://www.houzz.com/professionals/interior-designers-and-decorators/wilfredoadriel-pfvwus-pf~472165521,,"San Sebastian P.R.
Po.Box. 3007
San Sebastian 00685",(787) 363-4829,,[],[],[],,[]
211,https://www.houzz.com/hznb/professionals/interior-designers-and-decorators/mais-pfvwus-pf~1635875751,,"amman-jordan
amman 00962
United States",23232514,,[],[],[],,[]
212,https://www.houzz.com/professionals/interior-designers-and-decorators/spacedesign-pfvwus-pf~629447421,,CIDRA,,www.sophieaurelie.com,[],[],[],,[]
213,https://www.houzz.com/professionals/interior-designers-and-decorators/cl-interior-design-pfvwus-pf~1384211838,,"Via Escorial 329 Villas Reales
Guaynabo, Puerto Rico 00969
United States",(787) 249-4191,,[],[],[],,[]
214,https://www.houzz.com/professionals/interior-designers-and-decorators/astridkgb-pfvwus-pf~1418934833,,"calle La Santa G-30 Colinas Metropolitanas
Guaynabo 00969",(787) 466-3236,,[],[],[],,[]
215,https://www.houzz.com/hznb/professionals/interior-designers-and-decorators/jannetteortizatelier-pfvwus-pf~2082214293,,"ave.hostos 559
san Juan, Puerto Rico 00918
United States",(787) 399-3020,,[],[],[],,[]
216,https://www.houzz.com/professionals/interior-designers-and-decorators/myinteriors-pfvwus-pf~940455275,,"w3 Anamu Street
Guaynabo 00969
United States",(787) 638-9738,,[],[],[],,[]
217,https://www.houzz.com/professionals/interior-designers-and-decorators/pilar-moreno-home-gallery-pfvwus-pf~1008169473,,"San Juan, Puerto Rico 00911
United States",,www.pmhomegallery.com,[],[],[],,[]
218,https://www.houzz.com/hznb/professionals/interior-designers-and-decorators/rosa-calderon-pfvwus-pf~1579062152,,"San Juan, Puerto Rico
United States",(787) 513-6337,,[],[],[],,[]
219,https://www.houzz.com/professionals/interior-designers-and-decorators/arlene-cabanas-pfvwus-pf~1258543642,,"Puerto Rico 00920
United States",,,[],[],[],,[]
220,https://www.houzz.com/professionals/interior-designers-and-decorators/el-quijote-pfvwus-pf~630655493,,Cayey 00736,(787) 649-4353,,[],[],[],,[]
221,https://www.houzz.com/hznb/professionals/interior-designers-and-decorators/lucy-huertas-interior-designer-pfvwus-pf~1988355020,,"L 34 16St. Condado Moderno
Caguas 00725",(787) 469-5128,,[],[],[],,[]
222,https://www.houzz.com/hznb/professionals/interior-designers-and-decorators/century-events-pfvwau-pf~153192479,,"SAN JUAN, Puerto Rico 00921
United States",(787) 648-8000,,[],[],[],,[]
223,https://www.houzz.com/hznb/professionals/interior-designers-and-decorators/trends-inc-pfvwus-pf~1959063573,,"1056 Ashford Avenue
San Juan, Puerto Rico 00907
United States",(787) 646-2288,,[],[],[],,[]
224,https://www.houzz.com/professionals/interior-designers-and-decorators/nonomaldonado-pfvwus-pf~58879946,,"6 Mariano Ramirez
San Juan, Puerto Rico 00907
United States",(787) 675-4510,nonomaldonado.com,[],[],[],,[]
225,https://www.houzz.com/professionals/interior-designers-and-decorators/magi-gonzalez-guach-pfvwus-pf~755935245,,"P.O. Box 191690
San Juan, Puerto Rico 00919
United States",(787) 399-9309,,[],[],[],,[]
226,https://www.houzz.com/professionals/interior-designers-and-decorators/valsega-enterprises-inc-pfvwus-pf~688368863,,"P O Box 1031 St Just Station
Trujillo Alto 00978",(787) 579-6162,,[],[],[],,[]
227,https://www.houzz.com/professionals/interior-designers-and-decorators/chati-calderon-pfvwus-pf~1040425332,,"PO Box 372588
Cayey, Puerto Rico 00737-2588
United States",(787) 501-4470,,[],[],[],,[]
228,https://www.houzz.com/hznb/professionals/interior-designers-and-decorators/linn-pfvwus-pf~1990203884,,"Lares
Moca 00676",849565556,,[],[],[],,[]
229,https://www.houzz.com/professionals/interior-decorators/julie-pfvwus-pf~1829395865,,"Isabela 00662
United States",(787) 546-3213,,[],[],[],,[]
230,https://www.houzz.com/hznb/professionals/interior-designers-and-decorators/jannetteortizatelier-pfvwus-pf~2082214293,,"ave.hostos 559
san Juan, Puerto Rico 00918
United States",(787) 399-3020,,[],[],[],,[]
231,https://www.houzz.com/professionals/interior-designers-and-decorators/mariemrodz-pfvwus-pf~1578720000,,"paseo los robles
mayaguez 00610
United States",(787) 614-6162,,[],[],[],,[]
232,https://www.houzz.com/professionals/interior-designers-and-decorators/mcmuffin-home-interiors-pfvwus-pf~1762586347,,"aguadilla
Aguadilla 00604",787000000,,[],[],[],,[]
233,https://www.houzz.com/professionals/interior-designers-and-decorators/pilar-moreno-home-gallery-pfvwus-pf~1008169473,,"San Juan, Puerto Rico 00911
United States",(787) 977-8088,www.pmhomegallery.com,[],[],[],,[]
234,https://www.houzz.com/professionals/interior-designers-and-decorators/j-and-s-artistic-dec-pfvwus-pf~1451770396,,"po box 1774
mayaguez 00681",(787) 538-1891,,[],[],[],,[]
235,https://www.houzz.com/professionals/interior-designers-and-decorators/rlsotero-pfvwus-pf~1704892257,,"C45 Mansiones Santa Bárbara
Gurabo, Puerto Rico 00778
United States",(787) 547-4424,,[],[],[],,[]
236,https://www.houzz.com/hznb/professionals/interior-decorators/chapmanii-design-consulting-pfvwus-pf~1866235092,,"Carolina, Puerto Rico 00987
United States",(787) 407-2385,,[],[],[],,[]
237,https://www.houzz.com/professionals/interior-designers-and-decorators/nannette-pfvwus-pf~1737951236,,"po box 1873
mayaguez 00681",(787) 831-0314,,[],[],[],,[]
238,https://www.houzz.com/professionals/interior-designers-and-decorators/post-center-pfvwus-pf~59847166,,"Calle Ramon E Betances 60N Suite 105
Mayaguez 00680",(787) 379-9970,,[],[],[],,[]
239,https://www.houzz.com/professionals/interior-designers-and-decorators/mua-design-pfvwus-pf~219078573,,"hc20 box 26431
san lorenzo 00754",(787) 671-2796,jellyka967@yahoo.com,[],[],[],,[]
240,https://www.houzz.com/professionals/interior-designers-and-decorators/nannette-pfvwus-pf~1737951236,,"po box 1873
mayaguez 00681",(787) 831-0314,,[],[],[],,[]
241,https://www.houzz.com/professionals/interior-designers-and-decorators/post-center-pfvwus-pf~59847166,,"Calle Ramon E Betances 60N Suite 105
Mayaguez 00680",(787) 379-9970,,[],[],[],,[]
242,https://www.houzz.com/professionals/interior-designers-and-decorators/smarchisellos-pfvwus-pf~505355532,,"HC 01 Box 3027
Boqueron 00622
United States",(787) 636-1818,,[],[],[],,[]
243,https://www.houzz.com/professionals/interior-designers-and-decorators/basi-co-pfvwus-pf~2014421683,,"San Juan, Puerto Rico 00911
United States",(787) 728-4958,,[],[],[],,[]
244,https://www.houzz.com/professionals/interior-designers-and-decorators/decofiore-pfvwus-pf~1762246227,,San Lorenzo 00754,(787) 633-1337,,[],[],[],,[]
245,https://www.houzz.com/hznb/professionals/interior-designers-and-decorators/camilles-home-improvement-pfvwus-pf~1991388672,,"T a15 clinoide
San juan, Puerto Rico 00923
United States",(787) 948-3083,Camillehomeimprovement.com,[],[],[],,[]
246,https://www.houzz.com/professionals/interior-designers-and-decorators/drow-dj-pfvwus-pf~1327180572,,"credo
Yabucoa 00767",(787) 555-5555,,[],[],[],,[]
247,https://www.houzz.com/professionals/interior-designers-and-decorators/valsega-enterprises-inc-pfvwus-pf~688368863,,"P O Box 1031 St Just Station
Trujillo Alto 00978",(787) 579-6162,,[],[],[],,[]
248,https://www.houzz.com/hznb/professionals/interior-designers-and-decorators/linn-pfvwus-pf~1990203884,,"Lares
Moca 00676",849565556,,[],[],[],,[]
249,https://www.houzz.com/professionals/interior-designers-and-decorators/wyndham-grand-rio-mar-beach-resort-and-spa-pfvwus-pf~1737628308,,"Rio Grande, Puerto Rico 00745-4661
United States",(787) 888-6681,www.wyndhamriomar.com,[],[],[],,[]
250,https://www.houzz.com/professionals/interior-designers-and-decorators/mcmuffin-home-interiors-pfvwus-pf~1762586347,,"aguadilla
Aguadilla 00604",787000000,,[],[],[],,[]
251,https://www.houzz.com/professionals/interior-designers-and-decorators/j-and-s-artistic-dec-pfvwus-pf~1451770396,,"po box 1774
mayaguez 00681",(787) 538-1891,,[],[],[],,[]
252,https://www.houzz.com/hznb/professionals/interior-decorators/chapmanii-design-consulting-pfvwus-pf~1866235092,,"Carolina, Puerto Rico 00987
United States",(787) 407-2385,,[],[],[],,[]
253,https://www.houzz.com/professionals/interior-designers-and-decorators/mua-design-pfvwus-pf~219078573,,"hc20 box 26431
san lorenzo 00754",(787) 671-2796,jellyka967@yahoo.com,[],[],[],,[]
254,https://www.houzz.com/professionals/interior-designers-and-decorators/mulero-and-mulero-construction-pfvwus-pf~688864887,,"PO Box 2675
Juncos 00777",(787) 615-0242,,[],[],[],,[]
255,https://www.houzz.com/professionals/interior-designers-and-decorators/smarchisellos-pfvwus-pf~505355532,,"HC 01 Box 3027
Boqueron 00622
United States",(787) 636-1818,,[],[],[],,[]
256,https://www.houzz.com/professionals/interior-designers-and-decorators/drow-dj-pfvwus-pf~1327180572,,"credo
Yabucoa 00767",(787) 555-5555,,[],[],[],,[]
257,https://www.houzz.com/professionals/interior-designers-and-decorators/mayra-berrios-pfvwus-pf~1543586313,,"C. Virgilio Davila EN-11 6ta Secc. Levittown
Toa Baja, Puerto Rico 00949
United States",(787) 426-2895,,[],[],[],,[]
258,https://www.houzz.com/professionals/interior-designers-and-decorators/denisse-fernandez-design-s-pfvwus-pf~1764216047,,"Ponce, Puerto Rico
United States",(939) 645-1500,,[],[],[],,[]
259,https://www.houzz.com/hznb/professionals/interior-designers-and-decorators/yalide-pfvwes-pf~790391000,,Bayamon 00959,(787) 366-8518,,[],[],[],,[]
260,https://www.houzz.com/hznb/professionals/interior-decorators/aafet-pfvwus-pf~1136579334,,"00960
United States",(787) 247-7454,,[],[],[],,[]
261,https://www.houzz.com/professionals/interior-designers-and-decorators/hl-t-architects-and-interior-designer-pfvwus-pf~469860737,,"Urb. Irlanda Heights Antares FC5
Bayamon 00956",(787) 529-3471,,[],[],[],,[]
262,https://www.houzz.com/professionals/interior-designers-and-decorators/cmva-pfvwus-pf~1008254077,,"guaynabo, Puerto Rico 00966
United States",(787) 793-0082,,[],[],[],,[]
263,https://www.houzz.com/hznb/professionals/interior-designers-and-decorators/carlos-ii-ocasio-diaz-pfvwus-pf~1421886273,,"00969
United States",(787) 994-3449,,[],[],[],,[]
264,https://www.houzz.com/professionals/interior-designers-and-decorators/interiorsncouture-pfvwus-pf~1327198020,,"guaynabo, Puerto Rico 00969
United States",(787) 509-1620,,[],[],[],,[]
265,https://www.houzz.com/hznb/professionals/interior-designers-and-decorators/leis-enterprises-pfvwus-pf~281265247,,"00969
United States",(787) 360-5754,,[],[],[],,[]
266,https://www.houzz.com/professionals/interior-designers-and-decorators/jeg-solutions-pfvwus-pf~1259955302,,Catano 00963,(787) 275-0168,,[],[],[],,[]
267,https://www.houzz.com/professionals/interior-designers-and-decorators/mir-interior-designs-pfvwus-pf~1704233605,,Guaynabo 00969,(787) 790-4102,,[],[],[],,[]
268,https://www.houzz.com/hznb/professionals/interior-designers-and-decorators/n-pfvwes-pf~919028740,,"00921
United States",(939) 285-5558,,[],[],[],,[]
269,https://www.houzz.com/hznb/professionals/interior-designers-and-decorators/n-pfvwes-pf~919028740,,"00921
United States",(939) 285-5558,,[],[],[],,[]
270,https://www.houzz.com/professionals/interior-designers-and-decorators/kg-design-group-corp-pfvwus-pf~1007783337,,"San Juan, Puerto Rico 00936
United States",(787) 810-9291,www.facebook.com/KG-Design-Group-Corp-121923928982/t,[],[],[],,[]
271,https://www.houzz.com/professionals/interior-designers-and-decorators/margaret-rosenbaum-interiors-pfvwus-pf~1259663878,,"San Juan, Puerto Rico 00919-3335
United States",(787) 562-1771,,[],[],[],,[]
272,https://www.houzz.com/professionals/interior-designers-and-decorators/mardigras-pfvwus-pf~1386308494,,"San Juan, Puerto Rico
United States",(787) 448-4884,,[],[],[],,[]
273,https://www.houzz.com/hznb/professionals/interior-designers-and-decorators/jannette-lopez-pfvwus-pf~469833589,,"#1221 Ave. Piñero
San Juan, Puerto Rico 00920
United States",,,[],[],[],,[]
274,https://www.houzz.com/hznb/professionals/interior-decorators/luis-gutierrez-architects-pfvwus-pf~440767042,,"00907
United States",(787) 509-5468,,[],[],[],,[]
275,https://www.houzz.com/professionals/interior-designers-and-decorators/lluc-studio-pfvwus-pf~1830102577,,"san juan, Puerto Rico 00907
United States",(787) 783-8117,,[],[],[],,[]
276,https://www.houzz.com/hznb/professionals/interior-designers-and-decorators/jaen-designs-pfvwus-pf~1992808944,,"00927
United States",(787) 675-5816,,[],[],[],,[]
277,https://www.houzz.com/hznb/professionals/interior-designers-and-decorators/novvo-houm-pfvwus-pf~315091138,,"00918
United States",(939) 800-6800,,[],[],[],,[]
278,https://www.houzz.com/hznb/professionals/interior-designers-and-decorators/adr-pfvwus-pf~222495001,,"00926
United States",(787) 360-0251,,[],[],[],,[]
279,https://www.houzz.com/hznb/professionals/interior-designers-and-decorators/luis-alfredo-maldonado-pfvwus-pf~973166774,,"San Juan, Puerto Rico 00918
United States",,,[],[],[],,[]
280,https://www.houzz.com/professionals/interior-designers-and-decorators/rooms-to-go-pfvwus-pf~1204060156,,"00923
United States",(787) 629-1471,,[],[],[],,[]
281,https://www.houzz.com/professionals/interior-designers-and-decorators/vybe-pfvwus-pf~1797539242,,"Caguas, Puerto Rico
United States",(787) 505-2645,,[],[],[],,[]
282,https://www.houzz.com/professionals/interior-designers-and-decorators/formaandfuncion-pfvwus-pf~1200972868,,"Caguas, Puerto Rico 00725
United States",(787) 447-9810,,[],[],[],,[]
283,https://www.houzz.com/professionals/interior-designers-and-decorators/the-wine-wall-pfvwus-pf~633740249,,"00725
United States",(787) 547-7767,,[],[],[],,[]
284,https://www.houzz.com/professionals/interior-designers-and-decorators/the-wine-wall-pfvwus-pf~633740249,,"00725
United States",(787) 547-7767,,[],[],[],,[]
285,https://www.houzz.com/professionals/interior-designers-and-decorators/handyman-inc-pfvwus-pf~2114991876,,San German 00683,(787) 373-1149,,[],[],[],,[]
286,https://www.houzz.com/hznb/professionals/interior-designers-and-decorators/vintage-pfvwus-pf~281450147,,"00605
United States",701027044,,[],[],[],,[]
287,https://www.houzz.com/professionals/interior-designers-and-decorators/artlequin-pfvwus-pf~1226471523,,Carolina 00979,(787) 568-8339,,[],[],[],,[]
288,https://www.houzz.com/hznb/professionals/interior-designers-and-decorators/paradise-plants-designer-pfvwus-pf~630646441,,cabo rojo 00623,(787) 313-9609,,[],[],[],,[]
289,https://www.houzz.com/hznb/professionals/interior-decorators/turquoise-interiors-pfvwus-pf~1480993139,,"00729
United States",(787) 307-5515,,[],[],[],,[]
290,https://www.houzz.com/professionals/interior-designers-and-decorators/mari-pfvwus-pf~756433405,,Rio Grande 00745,(787) 564-8693,,[],[],[],,[]
